Date,Customer_ID,Item,Item_Category,Revenue,Shipping_Cost
2024-01-21,1369.0,Monitor,Accessories,0.0,16.96
2024-12-09,,Laptop,Apparel,305.4066241457905,29.55
2024-04-18,1703.0,Shirt,Electronics,191.00193617632118,8.65
2024-06-21,3280.0,Webcam,Accessories,192.82730886527958,5.18
2024-07-27,1586.0,Keyboard,Electronics,,22.46
2024-09-10,3494.0,SaaS License,Apparel,114.77589141108115,29.67
2024-04-09,4887.0,Mouse,Software,154.40069647161638,18.4
2024-12-04,4555.0,SaaS License,Electronics,159.75569345841467,6.75
2024-02-17,3472.0,Mouse,Accessories,195.39778737075574,13.95
2024-05-01,4979.0,SaaS License,Accessories,49.99748875619672,17.56
2024-08-30,4954.0,Monitor,Accessories,228.98368148811718,22.97
2024-02-21,3406.0,Monitor,Apparel,258.7204883342103,19.5
2024-09-05,4270.0,Keyboard,,158.2865028668209,11.95
2024-01-14,3491.0,Mouse,Apparel,132.04258386719917,16.59
2024-05-18,2640.0,Mouse,Apparel,,21.02
2024-06-25,4856.0,SaaS License,Apparel,211.7376345617821,20.17
2024-01-30,1188.0,Headphones,Accessories,173.399077622365,19.28
2024-07-05,1538.0,Keyboard,Electronics,154.70286585579612,18.41
2024-09-02,2185.0,Laptop,Electronics,189.83789056470138,24.16
2024-07-26,4726.0,Mouse,Electronics,72.84212813340103,23.97
2024-02-21,1743.0,Headphones,Apparel,46.80371266145511,19.23
2024-02-05,4462.0,Laptop,Electronics,224.04861543466933,23.73
2024-06-04,4874.0,Monitor,Apparel,,28.22
2024-08-08,1136.0,Shirt,,249.84448397335632,26.49
2024-07-27,1260.0,Monitor,Electronics,195.0165724064192,9.81
2024-07-24,3529.0,Mouse,Apparel,0.0,6.62
2024-03-19,2633.0,Keyboard,Software,159.47724523036652,20.77
2024-12-05,,SaaS License,Software,224.98013821016463,5.42
2024-09-21,2437.0,SaaS License,Electronics,189.22661411234856,13.9
2024-09-05,4573.0,Laptop,Accessories,130.1984465087242,7.04
2024-05-04,4143.0,Monitor,Accessories,239.10264578257517,23.79
2024-04-25,1406.0,SaaS License,Accessories,121.40551923169502,12.91
2024-03-08,2024.0,Laptop,Electronics,77.14135871465764,14.94
2024-03-25,2222.0,Keyboard,Accessories,254.75702034196155,6.43
2024-11-11,3278.0,SaaS License,Electronics,,20.61
2024-07-14,1980.0,Mouse,,165.3670117861598,5.83
2024-04-22,2093.0,Laptop,Accessories,280.580121408463,11.26
2024-01-17,4246.0,Monitor,Electronics,,16.32
2024-04-18,4542.0,Webcam,Electronics,103.7731097840577,15.5
2024-03-02,2448.0,Mouse,Accessories,285.8529444867751,28.25
2024-10-11,4774.0,Monitor,Electronics,181.3127470317557,14.46
2024-05-09,4059.0,Keyboard,Software,,23.4
2024-08-07,3906.0,Monitor,Software,4.169444575110333,14.88
2024-02-17,4272.0,Headphones,Software,3997.0,20.2
2024-07-28,1572.0,SaaS License,Apparel,4498.0,21.93
2024-06-02,1089.0,SaaS License,Apparel,,14.37
2024-08-17,3552.0,Webcam,Accessories,37.90944163623344,9.79
2024-09-16,3659.0,Headphones,Software,131.80597231376058,14.77
2024-11-04,4773.0,Webcam,Accessories,58.622746030994506,5.4
2024-12-25,4122.0,SaaS License,Electronics,269.0928672553517,28.52
2024-07-13,3397.0,Monitor,Software,100.44110261081559,17.35
2024-08-07,2810.0,Monitor,Electronics,161.16589312584614,25.2
2024-12-07,,Monitor,Accessories,151.49727448662497,10.14
2024-10-03,3411.0,Mouse,Apparel,,27.67
2024-07-16,4273.0,Mouse,,126.1597494894455,6.52
2024-12-22,2350.0,Webcam,Apparel,61.851964465942615,24.42
2024-11-20,1889.0,SaaS License,,220.04496590460704,18.54
2024-01-14,2768.0,Laptop,Software,174.3811132571269,15.57
2024-09-04,2696.0,Monitor,Electronics,102.31453615676604,12.53
2024-05-07,2345.0,Webcam,Accessories,11.166883964335199,6.15
2024-06-30,3154.0,Keyboard,Accessories,269.5760034216873,14.47
2024-01-23,2443.0,Laptop,Apparel,156.10633599301943,14.77
2024-05-01,4245.0,Shirt,Accessories,3200.0,12.26
2024-12-05,4724.0,SaaS License,Electronics,215.4596874542139,7.51
2024-01-24,2927.0,Webcam,Software,143.25711002575156,22.67
2024-02-21,2413.0,Laptop,,203.51622473126147,7.89
2024-06-01,2701.0,Laptop,Accessories,44.17598225982533,24.57
2024-05-07,4743.0,Laptop,Accessories,249.5866050057475,27.76
2024-06-15,1360.0,Monitor,Apparel,0.0,11.85
2024-08-11,2141.0,Headphones,Apparel,,14.44
2024-01-24,4693.0,Laptop,Electronics,53.608206623728094,25.38
2024-08-20,3479.0,Headphones,Electronics,,17.24
2024-05-06,1592.0,Laptop,Software,134.26090416020733,19.95
2024-11-12,,Mouse,Accessories,,22.95
2024-06-22,1306.0,Keyboard,Electronics,101.49551163083169,27.04
2024-01-30,4164.0,Keyboard,Software,81.91387520015749,15.9
2024-10-02,3617.0,Laptop,Apparel,33.399241175894474,16.8
2024-10-14,2798.0,SaaS License,Accessories,158.1047906906373,21.16
2024-12-03,,SaaS License,Apparel,152.12534266326682,23.33
2024-08-25,3270.0,Monitor,Apparel,161.88297520467572,19.69
2024-07-23,1211.0,Headphones,Software,219.78764225897157,20.66
2024-03-07,1778.0,Mouse,Apparel,181.26391823615765,7.72
2024-05-12,1118.0,Shirt,Electronics,170.9870933838982,14.27
2024-04-12,2388.0,Mouse,,208.29345866407456,11.06
2024-05-21,4284.0,Laptop,Apparel,140.60353344790875,10.11
2024-01-26,2556.0,Mouse,Electronics,286.91356617388817,13.19
2024-10-31,3318.0,Mouse,Apparel,76.88853685861959,16.69
2024-09-30,3732.0,Monitor,Software,16.008670619586354,9.01
2024-05-25,2575.0,Monitor,Software,127.50444584003273,24.65
2024-08-30,2359.0,Webcam,Apparel,132.07121006009825,18.86
2024-03-04,3871.0,Monitor,,261.8611566404061,12.35
2024-08-12,2979.0,Monitor,Apparel,160.84886086950442,23.06
2024-11-28,2919.0,Shirt,Apparel,134.9746594050607,16.91
2024-11-02,3455.0,Shirt,,325.1756631708657,11.41
2024-11-26,4035.0,Mouse,Apparel,108.18804294516093,11.99
2024-05-15,1038.0,Keyboard,Electronics,189.02565417343763,11.86
2024-11-16,2330.0,SaaS License,Software,26.372904580324644,20.04
2024-08-14,1405.0,Monitor,,227.78573289302605,27.06
2024-11-30,2679.0,Laptop,Apparel,325.8259221897963,25.24
2024-10-25,3388.0,Monitor,Software,186.13905349640012,7.46
2024-10-23,4566.0,Headphones,Accessories,96.89804858502505,13.98
2024-08-13,2343.0,Shirt,Electronics,77.08944770721527,20.02
2024-09-06,4397.0,Laptop,Software,171.91104289884993,16.83
2024-08-04,2628.0,Laptop,Accessories,67.54930466252202,14.36
2024-02-20,3681.0,Shirt,Software,51.12838384737634,28.53
2024-04-12,2829.0,Shirt,Electronics,164.96293548021157,24.63
2024-09-07,4698.0,Webcam,Accessories,150.79187159272183,13.26
2024-01-04,3211.0,Mouse,Apparel,68.23830570649115,24.68
2024-12-17,2364.0,Monitor,Apparel,152.42811697843254,17.19
2024-01-31,1280.0,Monitor,Apparel,4019.0,17.72
2024-10-10,2328.0,Shirt,Software,217.18720391734212,13.14
2024-02-17,,Mouse,Software,147.07079203687013,26.29
2024-06-05,3622.0,Webcam,Apparel,194.0651090927117,18.46
2024-05-15,,Monitor,Software,94.92468848658777,17.68
2024-02-28,2748.0,Headphones,Apparel,284.5194319018234,16.39
2024-02-19,4461.0,Keyboard,Software,179.5453190824195,27.77
2024-12-28,3689.0,Keyboard,Apparel,486.6315497718579,6.47
2024-08-07,3246.0,Keyboard,Software,215.4914863346328,9.74
2024-06-25,3753.0,Webcam,Apparel,,16.27
2024-02-18,4580.0,Laptop,Software,249.80416298125542,26.07
2024-05-09,4493.0,Webcam,Software,237.61720310687028,14.62
2024-10-06,3570.0,Mouse,,68.84192922705908,10.83
2024-03-09,,Monitor,Electronics,,28.58
2024-04-26,2160.0,Keyboard,Electronics,3444.0,10.29
2024-07-04,4539.0,Webcam,Electronics,175.78409123906064,24.93
2024-03-22,1497.0,Keyboard,Electronics,74.51942608991953,20.49
2024-03-05,2094.0,Keyboard,Apparel,98.89697972117798,13.57
2024-11-22,2234.0,Laptop,Electronics,272.4327941614422,8.39
2024-05-21,2118.0,SaaS License,Accessories,126.92403042521765,21.83
2024-05-14,4820.0,SaaS License,Accessories,,14.6
2024-10-21,4049.0,Mouse,Electronics,270.10681030472676,11.32
2024-04-30,1737.0,Keyboard,Accessories,,12.93
2024-04-30,1967.0,Laptop,Software,162.82955016540387,13.91
2024-12-08,3764.0,Keyboard,Electronics,53.32694904481545,7.42
2024-03-21,4408.0,Monitor,Software,142.23215609243687,19.99
2024-09-24,4531.0,Headphones,Electronics,108.43527595281188,14.13
2024-12-01,1632.0,Shirt,,0.0,13.43
2024-03-26,4110.0,Monitor,Accessories,163.0048914037929,27.15
2024-01-15,,Laptop,Accessories,4061.0,20.07
2024-05-26,1060.0,SaaS License,Apparel,37.20017642064349,5.59
2024-12-03,4897.0,Headphones,Electronics,239.3681946471615,7.69
2024-04-11,3808.0,Shirt,Electronics,195.287951803714,14.73
2024-10-07,4043.0,Headphones,Accessories,154.8581294406057,24.31
2024-12-22,4473.0,Monitor,Accessories,130.2833657790846,29.76
2024-11-01,3878.0,Shirt,,196.54202100283996,25.42
2024-08-28,2046.0,Shirt,Electronics,107.05473647256528,28.29
2024-11-18,3049.0,Mouse,Accessories,131.65323231969978,7.19
2024-11-20,1889.0,SaaS License,,220.04496590460704,18.54
2024-11-08,1248.0,Laptop,Accessories,123.71270364961867,6.68
2024-12-16,,Monitor,,54.25608339935627,29.88
2024-04-07,1411.0,Keyboard,Electronics,22.84918998446456,5.54
2024-10-13,1884.0,Mouse,Electronics,347.29663665205857,20.41
2024-08-17,4861.0,Headphones,Software,40.80317881512862,22.58
2024-10-01,3356.0,Mouse,Software,182.17545843733342,5.49
2024-08-08,3405.0,SaaS License,Accessories,93.16806223872504,7.28
2024-08-18,4991.0,Laptop,Apparel,55.99018337798421,6.53
2024-07-04,3078.0,SaaS License,Apparel,3531.0,16.27
2024-02-07,2630.0,Shirt,Apparel,88.94286191468342,10.46
2024-01-16,2259.0,Headphones,Software,40.23180420312171,11.15
2024-11-09,2345.0,Webcam,Electronics,95.24935456177545,23.93
2024-02-11,3681.0,Laptop,Accessories,182.8465055942154,19.14
2024-03-26,3813.0,Headphones,Software,102.28754892184222,24.27
2024-04-19,4940.0,SaaS License,Electronics,,17.82
2024-09-20,3827.0,Keyboard,,174.6823478948254,9.74
2024-02-04,3792.0,Laptop,Electronics,334.0220716135918,15.22
2024-11-04,3635.0,Laptop,Software,99.30094661396001,29.31
2024-06-02,2178.0,Shirt,Electronics,127.2385624405249,23.5
2024-09-01,2763.0,Shirt,Apparel,33.4634384554377,14.54
2024-02-24,1424.0,Monitor,Apparel,271.52649375395623,9.55
2024-01-13,4741.0,Keyboard,Apparel,161.4017884220448,8.57
2024-10-28,1882.0,Laptop,,194.71785239418716,18.72
2024-08-24,3713.0,Shirt,Accessories,,16.35
2024-06-23,1738.0,Monitor,,61.690530950467846,27.25
2024-01-09,1375.0,SaaS License,Apparel,183.794659859539,20.46
2024-07-23,2413.0,SaaS License,Accessories,136.1885933585435,22.37
2024-05-04,2858.0,Laptop,Software,115.51499821858371,28.94
2024-03-22,3022.0,Headphones,Electronics,112.55638742645482,21.23
2024-09-07,3319.0,SaaS License,Electronics,229.5038867759252,23.13
2024-04-11,1998.0,Headphones,Apparel,3228.0,7.57
2024-02-10,1084.0,Laptop,Apparel,209.28939567211557,13.95
2024-10-14,3788.0,Shirt,Software,228.61599313480238,22.23
2024-08-14,1954.0,Webcam,Accessories,176.16085369184572,23.45
2024-09-09,4799.0,Monitor,Apparel,87.24203623511761,13.52
2024-01-17,3146.0,SaaS License,Software,336.4291235588784,25.7
2024-09-05,1623.0,Headphones,Accessories,221.56149394753098,24.14
2024-06-21,1442.0,Webcam,Software,117.40427409097813,5.5
2024-04-03,3694.0,Keyboard,Software,128.56999055760707,28.3
2024-05-15,1688.0,Monitor,Accessories,293.51978293086665,29.61
2024-09-08,3181.0,Monitor,Accessories,110.24194397973869,25.21
2024-02-08,3573.0,Laptop,Electronics,53.21767432252781,6.74
2024-05-22,2785.0,Headphones,Apparel,125.83358976396038,18.79
2024-06-23,2890.0,Shirt,Software,262.39264491047936,14.54
2024-06-13,4626.0,Webcam,,186.9923341082567,9.8
2024-12-08,2280.0,Headphones,Apparel,182.6103244831229,11.53
2024-11-16,1714.0,Laptop,Apparel,249.599186649774,21.09
2024-01-13,1576.0,Mouse,Software,150.15046088041194,27.5
2024-12-08,2052.0,Shirt,Software,179.65056094984638,18.15
2024-05-11,4905.0,Keyboard,Accessories,271.97996889939475,26.04
2024-11-14,4871.0,Keyboard,,92.6119032259796,15.1
2024-02-27,1559.0,Keyboard,Electronics,248.89108427768298,11.08
2024-03-08,4295.0,Laptop,Electronics,65.12410569500355,29.95
2024-02-22,2320.0,Headphones,Accessories,131.59012450062934,25.69
2024-11-17,4918.0,Monitor,Accessories,3537.0,23.19
2024-11-01,2883.0,Monitor,Software,240.53060045180956,26.18
2024-10-10,1056.0,Headphones,Apparel,220.48559375629088,27.98
2024-11-01,3580.0,Headphones,Electronics,100.65072886218732,19.47
2024-06-09,2045.0,Monitor,Accessories,,25.39
2024-05-19,4235.0,Webcam,Accessories,166.9697653144134,13.28
2024-08-18,2135.0,Mouse,Software,206.55160490929464,5.95
2024-12-19,3402.0,SaaS License,Software,285.61934408013474,26.91
2024-07-04,3078.0,SaaS License,Apparel,3531.0,16.27
2024-02-01,4700.0,SaaS License,Accessories,284.30563187002883,12.65
2024-07-25,1696.0,SaaS License,Apparel,146.30223730812025,14.56
2024-03-31,3174.0,Webcam,Accessories,150.00598879638724,11.89
2024-02-07,1647.0,Keyboard,Apparel,210.70514407471043,12.49
2024-02-17,4056.0,Headphones,Apparel,205.87458718971627,21.47
2024-10-19,1517.0,Webcam,Accessories,195.6501823601331,9.35
2024-02-24,3889.0,Shirt,Apparel,71.6028388372294,13.49
2024-10-30,1269.0,Webcam,Accessories,58.194912595155245,14.38
2024-10-14,3550.0,Keyboard,Apparel,89.68217410268228,12.77
2024-08-21,4398.0,SaaS License,Accessories,161.7158836653111,21.01
2024-12-10,1590.0,Mouse,Electronics,229.57738337122282,11.0
2024-10-03,4544.0,Headphones,Accessories,223.5438800487148,10.01
2024-10-01,2386.0,Keyboard,Accessories,43.75271480929459,24.87
2024-08-04,2628.0,Laptop,Accessories,67.54930466252202,14.36
2024-03-11,3249.0,Webcam,Apparel,182.76250884583274,7.7
2024-04-08,,Monitor,,240.1119477817361,16.45
2024-07-21,4681.0,Monitor,Electronics,16.722131212994753,22.64
2024-03-30,2591.0,Laptop,Software,97.31052660284482,27.43
2024-09-29,4073.0,Monitor,Electronics,268.0057644886367,25.41
2024-12-12,4026.0,Laptop,Apparel,247.11945677653932,12.56
2024-11-06,1076.0,Mouse,Software,157.5694655992999,18.39
2024-01-26,4223.0,Mouse,Apparel,125.31611527445216,13.38
2024-04-08,1398.0,Laptop,Apparel,146.36647078519152,22.42
2024-06-18,1347.0,Webcam,Software,205.77712885912428,7.03
2024-05-02,4407.0,Mouse,Accessories,167.02243771693693,12.72
2024-10-31,2784.0,Keyboard,Electronics,204.00763317092316,14.42
2024-01-21,4637.0,Shirt,Software,93.78636363010412,21.27
2024-09-05,4826.0,Shirt,Apparel,149.68543688340353,24.39
2024-03-12,3837.0,SaaS License,Accessories,166.16459332957322,14.45
2024-11-29,4908.0,SaaS License,Accessories,196.0450862921799,6.33
2024-04-22,1207.0,Keyboard,Software,184.435979999531,20.88
2024-12-25,2315.0,SaaS License,Software,110.36814372223131,10.7
2024-04-21,2817.0,Shirt,,86.11480527953273,10.49
2024-06-18,,Monitor,Apparel,152.8257982537763,6.84
2024-04-18,3005.0,Monitor,Electronics,234.72866486593665,9.89
2024-06-09,2901.0,Laptop,Apparel,324.0177658040859,5.45
2024-06-10,4378.0,Headphones,Apparel,62.68092728272467,5.13
2024-09-15,3331.0,Keyboard,Electronics,304.5667999427111,19.99
2024-10-23,4040.0,Monitor,,121.17660694308674,15.54
2024-01-01,3537.0,Headphones,Electronics,103.01701940061358,27.93
2024-05-16,4377.0,SaaS License,Electronics,73.19846628303375,26.98
2024-02-14,4461.0,Shirt,Apparel,167.75836294328653,21.82
2024-12-05,2517.0,Shirt,Software,132.60006608361118,10.18
2024-03-05,3988.0,Shirt,Accessories,137.99271707871907,22.44
2024-03-21,1360.0,Headphones,Accessories,261.6999915930845,22.66
2024-11-13,3209.0,Laptop,Software,37.531145248118094,28.48
2024-01-08,3567.0,Keyboard,Electronics,108.19416007539314,26.82
2024-12-25,4054.0,Headphones,,30.590299426100955,6.31
2024-08-20,1630.0,Headphones,Electronics,,21.49
2024-02-06,2581.0,Mouse,Apparel,3017.0,5.75
2024-11-06,4780.0,Webcam,Software,201.9907183892126,21.11
2024-10-21,1500.0,Webcam,Electronics,84.98110470264096,7.55
2024-10-06,2245.0,Shirt,Electronics,91.60314759032869,21.82
2024-12-19,1285.0,Headphones,Software,176.5405060259545,20.05
2024-12-09,2905.0,Webcam,Accessories,330.3403566101176,29.96
2024-01-27,3037.0,Keyboard,Apparel,193.98131491304537,22.94
2024-12-08,3008.0,Shirt,Accessories,185.40600729960119,14.54
2024-05-30,1481.0,Headphones,Electronics,197.59169195085434,23.8
2024-04-25,1318.0,SaaS License,Apparel,52.2095856913527,12.99
2024-07-10,3257.0,Headphones,Electronics,144.36010526702577,6.69
2024-01-25,2794.0,Mouse,Accessories,97.24764424000591,13.34
2024-10-12,1173.0,Shirt,Electronics,163.1377942613939,5.04
2024-05-03,4235.0,Mouse,Accessories,235.54509593275867,28.99
2024-07-08,1161.0,Shirt,Accessories,3482.0,6.75
2024-08-26,2044.0,Headphones,Software,327.6960110561112,20.05
2024-02-01,3102.0,Headphones,Apparel,236.99513900399643,19.82
2024-09-16,3084.0,Mouse,,264.0805781502139,20.48
2024-02-22,1865.0,SaaS License,Electronics,206.95941134504267,23.14
2024-12-14,2671.0,Shirt,Apparel,67.50071924556849,12.54
2024-10-05,1436.0,Monitor,Accessories,14.041851247232671,16.54
2024-01-01,3852.0,Laptop,Accessories,161.11486937638145,24.18
2024-10-31,4330.0,Laptop,Apparel,155.74297102119812,27.42
2024-03-27,,Keyboard,Electronics,,15.39
2024-04-03,2560.0,Shirt,Apparel,0.0,23.13
2024-01-05,1302.0,Monitor,Electronics,94.23508725985653,25.56
2024-09-08,4980.0,Mouse,Software,205.50976307007454,25.38
2024-11-23,4419.0,Mouse,,,16.35
2024-11-07,1658.0,SaaS License,Apparel,154.11042771914805,21.95
2024-02-29,3615.0,SaaS License,Accessories,,22.36
2024-05-15,4282.0,SaaS License,Accessories,62.98853872504483,21.63
2024-11-19,4050.0,Headphones,Accessories,234.9399484606484,23.5
2024-04-19,3028.0,Mouse,Software,160.40219388958212,6.1
2024-09-16,2737.0,Webcam,Accessories,195.79836121638033,24.03
2024-09-30,2319.0,Mouse,Accessories,0.0,11.43
2024-06-12,1974.0,Headphones,Apparel,,18.48
2024-05-23,2119.0,Shirt,Apparel,24.833814280788587,29.99
2024-04-09,2760.0,Headphones,Accessories,186.929554325778,21.57
2024-04-01,2083.0,Keyboard,Electronics,210.7628735173479,29.81
2024-03-31,4470.0,Monitor,Software,44.99873171141117,11.48
2024-08-02,3135.0,Webcam,Software,225.30276795021612,11.8
2024-12-31,1539.0,Headphones,Electronics,252.66186216306562,12.21
2024-02-05,4226.0,Monitor,Software,191.78383827346852,8.69
2024-04-20,2810.0,Mouse,Apparel,183.71310340530366,24.92
2024-11-21,2350.0,SaaS License,Software,,29.8
2024-08-10,3653.0,Keyboard,Electronics,136.4682229539855,10.83
2024-01-02,2788.0,Shirt,Electronics,71.1273657065044,16.96
2024-08-03,1446.0,Webcam,Electronics,176.572976422027,28.3
2024-05-26,3212.0,Webcam,Apparel,203.52766830969807,14.37
2024-01-06,3262.0,Headphones,Software,197.98600153333584,16.05
2024-07-15,4375.0,Webcam,Apparel,137.51891648924627,26.26
2024-06-29,4618.0,Mouse,Electronics,0.0,15.7
2024-05-22,3762.0,Monitor,,151.2534503417886,28.64
2024-10-16,4578.0,Headphones,Electronics,,14.95
2024-03-05,1837.0,Shirt,Apparel,166.5796906111972,8.08
2024-07-13,2207.0,Monitor,Apparel,,28.51
2024-07-03,3777.0,SaaS License,Apparel,,23.83
2024-05-25,4130.0,Monitor,Accessories,,26.8
2024-12-04,4881.0,Keyboard,Electronics,,25.03
2024-07-10,,Laptop,Accessories,161.45828637050508,13.28
2024-11-01,3755.0,Monitor,Apparel,135.91175751605255,24.16
2024-04-08,1334.0,Headphones,Apparel,77.25675051701855,9.88
2024-12-22,1152.0,Keyboard,Accessories,95.66205896481961,10.42
2024-11-28,3260.0,Mouse,Apparel,82.02978690383785,19.99
2024-10-10,2568.0,Mouse,Software,111.75486875607999,10.58
2024-12-06,4634.0,Laptop,Accessories,164.97366135868543,25.29
2024-12-28,2303.0,Shirt,Accessories,,13.29
2024-06-17,4523.0,Laptop,Software,346.2313514250151,9.59
2024-05-08,3256.0,SaaS License,Accessories,209.52277261301663,8.19
2024-12-01,3693.0,Headphones,Apparel,,7.05
2024-10-02,4098.0,Mouse,Software,312.4392475766748,20.65
2024-12-25,3820.0,Mouse,Apparel,15.341075511938328,27.54
2024-04-19,3154.0,Keyboard,Software,142.72522609513845,5.15
2024-04-07,2085.0,Monitor,Apparel,182.157304843087,28.1
2024-12-19,2736.0,Shirt,Apparel,200.0326995230427,26.42
2024-03-18,3736.0,Laptop,Apparel,,28.43
2024-06-16,2762.0,SaaS License,Accessories,233.8267263662829,21.03
2024-12-31,3206.0,Headphones,Accessories,,13.54
2024-09-12,4560.0,Webcam,Electronics,49.72572719391903,19.3
2024-07-31,2482.0,SaaS License,Apparel,95.52999799986884,7.29
2024-06-08,4406.0,Keyboard,Apparel,225.8650459379682,27.52
2024-04-11,1467.0,Mouse,Accessories,0.0,18.7
2024-11-01,3907.0,Laptop,Software,225.70830194925634,12.83
2024-10-15,2415.0,Headphones,Electronics,175.98573887727187,15.14
2024-02-22,2088.0,Headphones,Accessories,153.99536689227898,28.94
2024-08-18,3358.0,Mouse,Accessories,,24.91
2024-01-13,3230.0,Shirt,Accessories,131.69481632045634,6.65
2024-05-15,2124.0,Mouse,Electronics,143.63668867853846,5.24
2024-05-04,3300.0,Laptop,Electronics,190.0834758503243,7.22
2024-01-10,4595.0,SaaS License,Software,,15.91
2024-12-03,1010.0,Shirt,Software,155.4958012333812,5.2
2024-03-28,2686.0,Headphones,Apparel,189.30713719755403,22.32
2024-02-27,1470.0,Shirt,Accessories,133.73293198970856,8.07
2024-11-13,2185.0,Monitor,Accessories,308.3969562968253,8.62
2024-01-26,,SaaS License,Software,,17.29
2024-02-29,2616.0,Keyboard,Electronics,98.07380585869556,10.43
2024-04-24,1610.0,Laptop,,44.411256069978236,15.8
2024-08-12,3225.0,Laptop,,164.59656412792214,19.46
2024-03-24,2498.0,Webcam,Electronics,239.53668637962858,22.12
2024-03-16,2805.0,Keyboard,Apparel,,9.3
2024-01-05,4433.0,Mouse,Accessories,208.77338536208077,17.22
2024-06-30,2925.0,SaaS License,Software,85.47001157964263,8.21
2024-09-01,1229.0,Monitor,Software,123.29220449610264,18.76
2024-07-22,4325.0,Laptop,Software,160.96617101031111,21.46
2024-05-31,1411.0,Headphones,Electronics,91.64750369142591,5.92
2024-11-12,4773.0,Shirt,Software,165.14667171929074,29.5
2024-05-06,2481.0,Monitor,Electronics,160.74917767945064,9.11
2024-08-04,1679.0,Headphones,Electronics,186.18748822604135,23.82
2024-06-03,3746.0,Shirt,Software,182.31911992938396,6.31
2024-12-26,1971.0,Keyboard,Accessories,147.15691042375732,24.8
2024-02-28,1719.0,Shirt,,132.61853358091219,21.05
2024-09-05,2645.0,Shirt,Software,76.35648235962799,24.01
2024-09-27,3354.0,Keyboard,Apparel,16.346417004597015,22.45
2024-02-22,1719.0,Shirt,Accessories,193.9092265045428,15.81
2024-05-13,3173.0,Mouse,Accessories,84.87742596087134,28.14
2024-08-14,2758.0,Laptop,Software,147.411866574164,17.99
2024-04-21,4067.0,Laptop,Software,135.08696839194,13.54
2024-06-05,4090.0,Laptop,Software,88.11268942728864,26.43
2024-03-19,3860.0,Webcam,,,28.59
2024-10-22,1942.0,Mouse,Apparel,0.0,7.89
2024-02-10,2699.0,Webcam,,179.8774934557464,12.78
2024-07-04,1833.0,Laptop,Accessories,131.5191936613901,13.36
2024-04-26,4944.0,Webcam,,210.74076283455264,9.38
2024-07-07,2276.0,Monitor,Apparel,192.7018544196315,6.14
2024-05-22,3770.0,Webcam,Electronics,75.56006843333469,19.22
2024-01-30,1681.0,Headphones,Software,4954.0,10.08
2024-09-20,3827.0,Keyboard,,174.6823478948254,9.74
2024-01-20,2862.0,Webcam,Accessories,91.87576306080176,6.91
2024-02-25,2923.0,SaaS License,Accessories,126.53456633595414,26.96
2024-12-04,3125.0,Monitor,Electronics,138.68720442389474,10.23
2024-10-18,2710.0,Laptop,Electronics,119.18256516705242,16.52
2024-04-22,4176.0,Keyboard,Software,229.89081681757264,10.98
2024-06-03,3429.0,Shirt,Apparel,0.0,7.24
2024-04-17,2716.0,Shirt,,,10.96
2024-01-04,4208.0,Headphones,Apparel,113.54111845664895,11.22
2024-01-11,1978.0,Keyboard,Accessories,9.436503688342526,10.49
2024-02-13,2145.0,Laptop,Apparel,181.06864045349596,13.18
2024-08-04,4729.0,Headphones,Apparel,,24.69
2024-04-27,3888.0,Headphones,Apparel,142.96372632834468,9.61
2024-07-31,1777.0,Mouse,Software,103.13886784511669,19.97
2024-04-01,2195.0,Shirt,Accessories,260.5041405235844,27.0
2024-04-23,4565.0,Headphones,Software,126.92058057779303,22.51
2024-11-22,1532.0,Shirt,Electronics,148.35265259942076,28.65
2024-05-17,4164.0,Shirt,Apparel,121.11599878459766,10.61
2024-09-23,,Keyboard,Electronics,163.99197838891084,13.22
2024-02-28,1381.0,Headphones,,,20.65
2024-10-16,1586.0,Monitor,Electronics,354.3015876114256,6.78
2024-03-06,4360.0,Shirt,Electronics,54.594847672600594,14.22
2024-04-04,1031.0,SaaS License,Software,87.05765263498874,14.43
2024-09-15,4171.0,Shirt,Electronics,167.71449919723602,20.49
2024-05-14,,Webcam,,122.87310597253685,7.42
2024-08-07,2732.0,Shirt,Electronics,183.51002904947504,5.04
2024-12-25,2973.0,SaaS License,Accessories,154.4942443946287,19.4
2024-05-30,3753.0,Webcam,Software,97.47414828321365,20.34
2024-11-07,2934.0,Shirt,Accessories,183.57092036866206,9.81
2024-08-31,1011.0,Monitor,Apparel,200.264654844379,10.11
2024-09-01,3978.0,Monitor,Electronics,,9.41
2024-11-25,3397.0,Headphones,Electronics,287.2082424120193,8.87
2024-08-20,3600.0,SaaS License,Accessories,4146.0,21.5
2024-08-22,2692.0,Laptop,Electronics,163.68622441071736,29.45
2024-05-08,2172.0,Shirt,Accessories,144.06692104818404,20.75
2024-01-08,2993.0,SaaS License,Accessories,197.0611280874576,15.87
2024-09-13,3935.0,Webcam,Accessories,231.68431190266404,24.88
2024-11-06,3976.0,Laptop,Electronics,205.32349804332227,29.73
2024-11-30,2470.0,Keyboard,Accessories,168.75230056855852,24.25
2024-06-03,3744.0,Mouse,Electronics,,13.61
2024-03-20,3883.0,Laptop,Software,0.0,28.03
2024-08-26,2699.0,Keyboard,Apparel,131.86028340375816,21.72
2024-11-14,1330.0,Monitor,Electronics,178.01274640273445,23.17
2024-07-30,3055.0,Monitor,Electronics,,5.19
2024-07-23,1375.0,Webcam,Apparel,174.05101312010805,28.98
2024-05-03,4562.0,Mouse,Accessories,123.07412836223918,16.42
2024-01-17,4323.0,SaaS License,Apparel,93.05214934179179,14.07
2024-03-31,,Mouse,Accessories,112.96623313180879,27.1
2024-03-06,3373.0,Shirt,Apparel,138.32454585340489,15.27
2024-12-07,1477.0,Laptop,Accessories,197.51065472997064,24.09
2024-10-13,1541.0,Webcam,Apparel,,16.87
2024-09-28,2468.0,Headphones,Software,105.53121192369454,7.1
2024-02-22,3300.0,Monitor,Software,232.45120280906224,20.9
2024-09-17,4464.0,Mouse,,230.25694775484936,11.84
2024-06-11,4562.0,SaaS License,,189.48311817494982,12.72
2024-04-07,4574.0,Headphones,Electronics,0.0,19.6
2024-05-13,3612.0,Mouse,Electronics,268.8780646730794,9.92
2024-02-17,3437.0,SaaS License,Apparel,15.606756454197125,29.58
2024-10-09,4230.0,Keyboard,Electronics,86.34245929296787,17.96
2024-02-27,4879.0,SaaS License,Electronics,77.63598417354017,7.4
2024-04-28,1203.0,Webcam,Accessories,0.0,23.36
2024-03-01,4039.0,Mouse,Software,341.54359643468905,19.42
2024-11-20,3034.0,SaaS License,Software,94.09286784979774,28.05
2024-06-09,2073.0,Webcam,Accessories,,11.32
2024-08-08,1906.0,Monitor,,3090.0,28.75
2024-06-20,4229.0,Headphones,Apparel,207.253876703612,11.06
2024-10-18,1323.0,Webcam,Electronics,33.30078093131645,10.84
2024-02-05,3953.0,Webcam,Apparel,36.05456354519676,18.12
2024-02-02,1772.0,Headphones,Apparel,30.904612641166707,24.73
2024-08-18,1433.0,Headphones,Electronics,150.21755377385304,17.38
2024-12-15,2338.0,Mouse,Software,281.57741288570236,26.64
2024-02-13,1743.0,Laptop,Apparel,208.96944321338853,7.5
2024-05-31,2246.0,Shirt,Accessories,99.19432425538855,5.86
2024-10-10,2209.0,Monitor,Accessories,74.32407227714583,18.96
2024-07-02,,Monitor,Software,0.0,22.43
2024-10-03,2297.0,Monitor,Apparel,30.761038235048744,24.89
2024-03-04,3404.0,Mouse,Apparel,123.05688841315335,12.03
2024-10-23,1381.0,Keyboard,Accessories,218.5645239031321,9.72
2024-10-08,4519.0,Laptop,Software,25.240437710538416,18.39
2024-12-11,4414.0,SaaS License,Electronics,174.09451350079075,24.92
2024-12-18,3619.0,Shirt,Accessories,206.968353546201,21.95
2024-08-14,4094.0,Keyboard,Software,27.688318814799615,7.33
2024-04-08,4969.0,Keyboard,Software,167.11617423395796,8.61
2024-06-09,1118.0,SaaS License,Apparel,89.30824410638566,27.22
2024-10-20,1562.0,Laptop,Accessories,87.315168762931,22.29
2024-02-05,1717.0,Laptop,Accessories,0.0,27.61
2024-05-21,3212.0,Keyboard,Electronics,136.51005211002433,23.48
2024-02-14,1292.0,Webcam,Software,128.60647811204632,13.57
2024-11-18,4965.0,SaaS License,Apparel,128.56373469233176,29.58
2024-10-08,3973.0,Webcam,Apparel,362.06579286538874,21.96
2024-04-29,2139.0,Shirt,Software,130.63235931998636,26.75
2024-10-09,3952.0,Keyboard,Accessories,,7.61
2024-05-22,4361.0,Webcam,Electronics,,9.86
2024-04-25,4561.0,Mouse,Accessories,41.87818042427607,16.36
2024-03-20,3809.0,Mouse,Software,55.67247195835789,15.48
2024-08-02,3866.0,Keyboard,Electronics,153.065133656439,15.33
2024-06-21,4008.0,Shirt,Apparel,181.02326630612254,25.32
2024-10-08,3442.0,Mouse,Accessories,237.10746196736903,20.31
2024-09-30,3841.0,Headphones,Software,84.89641862708201,18.32
2024-01-26,2328.0,Shirt,Apparel,98.87084842005584,28.39
2024-01-22,2494.0,Monitor,Apparel,249.66264044357,8.93
2024-09-22,1997.0,Mouse,Accessories,111.01296572382515,26.29
2024-06-18,3602.0,Mouse,Software,241.54229448711143,26.04
2024-06-10,1474.0,SaaS License,Software,263.61945653955433,23.98
2024-04-01,3779.0,Headphones,Electronics,153.60929741997782,21.49
2024-12-15,1920.0,Mouse,,32.61590112679062,6.64
2024-12-08,3670.0,Monitor,Electronics,246.35479323176355,19.64
2024-09-10,2862.0,Keyboard,Software,73.87596209202803,9.29
2024-01-31,1471.0,Webcam,Apparel,27.90990104806525,28.57
2024-08-22,3775.0,Laptop,Accessories,109.54900208722701,27.81
2024-01-21,3538.0,Shirt,Software,209.30959224766013,26.07
2024-04-07,1025.0,Webcam,Software,97.09264994813654,13.26
2024-05-15,,Shirt,Electronics,138.66857499435565,29.88
2024-09-20,3718.0,Laptop,,112.3723588964152,7.88
2024-03-17,4302.0,Monitor,Software,223.33349003151983,23.62
2024-11-29,2434.0,Shirt,Software,193.70812830780923,15.22
2024-10-18,2519.0,Keyboard,Apparel,213.8417741843515,12.71
2024-03-02,4820.0,Shirt,Apparel,77.98195841894227,15.47
2024-07-31,4054.0,Keyboard,Accessories,363.98040117552245,6.75
2024-12-17,4052.0,Webcam,Accessories,180.22763356148312,24.63
2024-05-04,3714.0,Keyboard,Software,66.47302406802096,20.0
2024-11-13,3798.0,SaaS License,Accessories,31.7626006540158,17.82
2024-05-15,3827.0,SaaS License,Apparel,148.88391103513104,8.73
2024-01-11,4389.0,Monitor,Electronics,,5.86
2024-07-13,3201.0,Shirt,Software,291.390849332151,21.03
2024-07-05,3498.0,Monitor,Electronics,179.13593697014437,11.06
2024-03-02,1717.0,Monitor,Apparel,228.95117927535372,9.49
2024-06-18,1369.0,Headphones,Software,87.88228433026444,22.45
2024-03-03,1281.0,Mouse,Software,0.0,14.56
2024-10-06,1582.0,SaaS License,Software,76.83223700905002,22.05
2024-08-20,1931.0,Headphones,Electronics,219.67723639234617,13.05
2024-05-29,1224.0,Monitor,Software,147.01960210033516,16.91
2024-09-17,1536.0,Monitor,Software,145.3499700789157,10.96
2024-07-24,4973.0,SaaS License,Accessories,171.5128673956357,27.1
2024-07-27,4221.0,Monitor,Electronics,153.99414193415325,20.09
2024-01-16,1935.0,Headphones,Electronics,218.3870308753776,28.16
2024-04-22,1249.0,Headphones,Software,103.39201828997123,16.03
2024-10-12,,Webcam,Electronics,148.07942873839121,20.21
2024-08-23,1633.0,Keyboard,Accessories,221.12966537113948,9.64
2024-05-20,1186.0,Keyboard,Electronics,43.22623729083648,27.57
2024-11-22,3543.0,Shirt,Electronics,,19.24
2024-02-06,4513.0,Shirt,Software,16.27876518022424,9.8
2024-04-15,3431.0,Keyboard,Electronics,148.44376613039321,25.78
2024-08-24,4488.0,Monitor,,242.44033092018586,11.11
2024-01-10,4601.0,SaaS License,,69.49805193260184,16.12
2024-12-02,4738.0,Monitor,,225.32333544746126,28.17
2024-05-06,2694.0,Shirt,Software,205.27678498107505,23.39
2024-10-10,3454.0,Webcam,Apparel,143.18149125475003,11.44
2024-08-30,1389.0,Laptop,Accessories,234.54979829935485,21.13
2024-04-03,3661.0,Mouse,,162.39139961795377,19.99
2024-10-28,4506.0,Headphones,Electronics,150.4082161076512,20.6
2024-07-29,2871.0,Webcam,Electronics,,7.77
2024-09-27,2272.0,SaaS License,Apparel,197.8142354482112,6.63
2024-01-20,2862.0,Webcam,Accessories,91.87576306080176,6.91
2024-06-28,3952.0,Mouse,Electronics,231.5448675218463,23.06
2024-09-07,,Laptop,Accessories,123.52812392434879,23.12
2024-07-18,3698.0,Keyboard,Apparel,216.43456528425435,20.89
2024-02-19,1105.0,Keyboard,Software,59.98791645603632,24.2
2024-06-21,1406.0,Monitor,Accessories,28.68894352159282,19.71
2024-10-11,3692.0,SaaS License,Accessories,3713.0,27.2
2024-05-16,2365.0,Monitor,Software,172.89578295620817,19.25
2024-08-19,2865.0,Monitor,Accessories,142.62359399393372,20.4
2024-12-11,4246.0,SaaS License,Electronics,0.0,25.11
2024-05-27,2621.0,Mouse,,189.043753687525,23.32
2024-07-13,2025.0,Mouse,Software,,9.43
2024-08-20,1637.0,Shirt,Electronics,265.42955442198377,28.27
2024-05-05,3029.0,Monitor,Electronics,175.47667951410634,11.32
2024-04-18,1004.0,SaaS License,Apparel,180.3237142103591,9.87
2024-12-27,4565.0,SaaS License,Apparel,42.583748056361856,25.26
2024-09-28,,SaaS License,Accessories,231.7873835064268,10.82
2024-01-19,3647.0,Mouse,Software,232.87167805543794,21.49
2024-06-05,2918.0,Shirt,Software,155.92021667573124,25.25
2024-12-25,1215.0,Monitor,,117.72114098053851,28.29
2024-10-25,2265.0,SaaS License,Electronics,119.65595396192779,6.44
2024-04-05,3175.0,Laptop,Electronics,226.04818978385708,20.53
2024-05-08,3530.0,Shirt,Apparel,198.11997942549397,27.63
2024-08-03,2279.0,Headphones,Apparel,26.020758039122768,22.6
2024-03-08,,Shirt,Software,206.34681948489862,9.95
2024-08-20,2390.0,Headphones,Accessories,109.329372733463,26.64
2024-12-14,1118.0,Keyboard,Software,0.0,24.1
2024-01-20,2208.0,Laptop,Apparel,111.29865628788964,27.02
2024-04-11,1532.0,Mouse,Electronics,,14.57
2024-09-17,1596.0,SaaS License,Software,48.66973477046059,19.6
2024-08-30,2671.0,Mouse,Apparel,111.62004291216124,9.18
2024-09-27,3404.0,Mouse,Electronics,157.41152190540853,25.88
2024-03-22,4867.0,Mouse,Electronics,138.13368537138538,16.51
2024-12-28,3158.0,Mouse,Accessories,4485.0,22.89
2024-10-30,,Shirt,Software,110.74336574235153,15.29
2024-02-07,2225.0,Headphones,Accessories,175.26625451710123,21.38
2024-05-14,2026.0,Laptop,Electronics,192.4530439571942,16.29
2024-12-18,4115.0,SaaS License,Apparel,,6.3
2024-04-24,4545.0,Mouse,Electronics,94.70985149759518,17.74
2024-01-06,2391.0,SaaS License,Apparel,0.0,6.43
2024-02-17,4893.0,Mouse,Software,150.16342110438896,10.34
2024-02-23,3696.0,Webcam,Accessories,121.17945607532113,8.21
2024-04-27,2033.0,SaaS License,Software,105.41312908553266,16.66
2024-08-05,1087.0,Mouse,Accessories,144.05450348005084,13.3
2024-01-28,,Headphones,Apparel,241.27431438854757,10.51
2024-07-25,4875.0,Keyboard,Apparel,,13.95
2024-07-15,1214.0,Webcam,Software,279.91955727238786,20.2
2024-06-18,2950.0,Mouse,Accessories,123.94639891112432,20.86
2024-06-19,4401.0,Webcam,Apparel,66.932697159626,14.98
2024-10-22,3057.0,Laptop,Software,197.9254978851149,27.13
2024-10-10,3017.0,Headphones,Accessories,174.610123510053,21.88
2024-12-19,1608.0,Headphones,Software,0.0,27.71
2024-11-17,2985.0,Shirt,Apparel,108.89798755924623,24.39
2024-08-08,1906.0,Monitor,,3090.0,28.75
2024-03-19,,Laptop,Apparel,277.65401588379706,19.88
2024-11-16,2119.0,Laptop,Apparel,166.91310621930697,28.44
2024-08-21,2130.0,Keyboard,Apparel,181.87653016219545,12.54
2024-12-27,2724.0,Webcam,Software,,16.06
2024-01-11,4872.0,SaaS License,Apparel,53.59884551474897,12.79
2024-08-03,1468.0,Webcam,Electronics,107.69849917636623,28.04
2024-06-01,3348.0,Headphones,Apparel,97.56468973685784,20.04
2024-11-11,2858.0,Shirt,Electronics,204.1097465597525,14.77
2024-09-08,4872.0,Monitor,,86.04767849600823,18.36
2024-03-11,,Keyboard,Apparel,219.08746881164797,11.21
2024-06-02,2237.0,Shirt,Accessories,160.29152683984177,18.37
2024-08-25,1515.0,Shirt,Software,167.82095235640298,17.05
2024-07-11,2526.0,SaaS License,Accessories,281.54667073593305,29.19
2024-05-05,2757.0,Keyboard,Software,90.83775317998948,16.95
2024-02-01,4972.0,Headphones,Electronics,188.1792877742431,29.43
2024-07-08,4751.0,SaaS License,Apparel,161.17202632704135,22.41
2024-02-05,2761.0,Webcam,Accessories,192.50181037937273,22.21
2024-08-27,1062.0,Shirt,Accessories,0.0,28.4
2024-05-02,2703.0,Laptop,Software,0.0,21.91
2024-01-27,4177.0,SaaS License,Apparel,182.70866325187228,20.08
2024-06-08,2983.0,Keyboard,Software,84.66771847335596,21.7
2024-05-24,4050.0,SaaS License,Software,197.97841150707274,15.08
2024-12-21,1519.0,Laptop,Accessories,180.57189417584925,14.54
2024-11-15,4374.0,Shirt,Electronics,122.9404973117151,9.26
2024-06-08,1395.0,Mouse,Accessories,,25.74
2024-06-24,4729.0,SaaS License,Software,152.59080395908774,13.15
2024-07-12,4894.0,Headphones,Software,126.83783275939477,28.03
2024-06-14,3081.0,Keyboard,Accessories,196.3573341845348,15.53
2024-10-29,1244.0,Mouse,Electronics,277.49945618885647,11.53
2024-10-26,3561.0,Monitor,Electronics,268.7638625044479,17.0
2024-01-07,4143.0,Headphones,Apparel,,7.26
2024-05-15,4411.0,Keyboard,Electronics,,8.84
2024-01-30,2764.0,Shirt,Apparel,232.2292390115993,13.79
2024-02-09,1105.0,Mouse,Electronics,,21.2
2024-12-22,2777.0,Webcam,Software,184.76466306134967,22.89
2024-02-12,3593.0,Mouse,Software,97.40076469548245,16.73
2024-07-18,3810.0,Mouse,,69.18254636240019,24.84
2024-04-17,2425.0,Laptop,Accessories,177.59871229600128,6.63
2024-05-02,1450.0,SaaS License,Accessories,199.88739719131326,24.01
2024-04-19,3004.0,Headphones,Electronics,74.34185527452571,25.76
2024-10-02,2235.0,Laptop,Software,245.38483773604128,24.53
2024-05-03,2641.0,Headphones,Accessories,166.8938483412618,8.47
2024-06-26,4854.0,Laptop,Software,148.25172946966185,29.68
2024-06-03,2562.0,Webcam,Electronics,171.35690752042194,12.83
2024-11-27,4966.0,Webcam,Accessories,110.75943094028636,23.33
2024-05-07,4529.0,Shirt,Software,144.01173474662104,28.85
2024-09-07,2440.0,Mouse,,0.0,9.95
2024-01-28,3959.0,SaaS License,Software,23.696979480130906,12.63
2024-10-12,3253.0,Webcam,Software,147.02143821755027,28.47
2024-12-07,3864.0,Webcam,Accessories,195.41780919112279,16.25
2024-09-25,,Keyboard,Apparel,237.9229457500812,26.87
2024-08-14,3682.0,Webcam,Software,195.29844798524215,10.51
2024-11-06,2942.0,Headphones,Accessories,,27.92
2024-10-22,2521.0,Laptop,Accessories,137.51942299351586,14.53
2024-07-16,4851.0,SaaS License,Software,0.0,23.74
2024-12-06,1258.0,Keyboard,Software,204.64163267593398,25.51
2024-12-05,2126.0,Headphones,,146.32283123864048,6.8
2024-07-13,4871.0,Headphones,Electronics,12.200374534426032,28.45
2024-07-27,2998.0,SaaS License,Accessories,103.82444088805684,10.23
2024-04-10,4748.0,Mouse,Apparel,113.41226333652189,18.71
2024-05-22,3874.0,Mouse,Apparel,,5.97
2024-10-17,4499.0,Webcam,Apparel,168.48109045882958,23.86
2024-10-24,3197.0,Monitor,,166.9464146683333,18.82
2024-07-13,4248.0,Webcam,Electronics,218.21952256408952,15.22
2024-01-01,4775.0,Webcam,Apparel,91.07081164619208,20.93
2024-05-04,,Keyboard,Apparel,96.5803331635039,13.5
2024-09-16,1210.0,Monitor,Apparel,294.82836316182664,21.36
2024-05-01,4634.0,Headphones,Accessories,53.64806408481856,29.21
2024-06-27,2871.0,Shirt,,351.9131298551538,10.67
2024-05-28,2811.0,Laptop,Software,163.0537011921601,25.53
2024-08-04,1370.0,Laptop,Apparel,199.31936919826748,22.36
2024-12-07,1848.0,Mouse,Apparel,257.23809749585234,29.71
2024-07-23,1924.0,Headphones,Electronics,197.28831671557845,27.77
2024-04-22,2648.0,Shirt,Electronics,87.68430334584151,27.38
2024-04-16,4957.0,Headphones,Apparel,0.0,16.39
2024-01-02,1897.0,Shirt,Electronics,136.56926490679348,18.36
2024-10-28,3342.0,Monitor,Accessories,121.80643768463906,5.09
2024-05-18,1644.0,SaaS License,Electronics,194.76893041175788,29.67
2024-04-29,4376.0,Laptop,Software,165.13901162220583,16.49
2024-11-05,4939.0,Keyboard,Accessories,96.09497749518015,16.57
2024-11-26,4567.0,Monitor,Software,89.36944025244568,21.52
2024-03-22,3441.0,Keyboard,Accessories,65.99739852416869,8.79
2024-10-26,4261.0,Mouse,,109.07542631919075,14.35
2024-02-03,2655.0,Shirt,Apparel,163.2688543274984,11.95
2024-08-16,4688.0,Mouse,Accessories,300.70911985880355,12.42
2024-06-30,2095.0,Shirt,Electronics,178.3545190090164,15.74
2024-04-07,1443.0,Shirt,Apparel,105.55141968038849,23.65
2024-08-04,3486.0,Webcam,Accessories,4896.0,29.5
2024-07-13,2282.0,Laptop,Accessories,198.08651905025573,21.98
2024-02-02,1465.0,Keyboard,Apparel,308.93744071918445,26.75
2024-08-22,2809.0,Laptop,Electronics,213.00868747822946,24.58
2024-09-28,1780.0,Laptop,Apparel,184.33929895195723,19.33
2024-08-28,3666.0,Mouse,Accessories,140.24897028595362,9.86
2024-06-25,1937.0,Shirt,Apparel,,5.21
2024-05-06,3496.0,Keyboard,Apparel,107.91327196265021,21.13
2024-07-24,2557.0,Headphones,Electronics,,26.4
2024-11-14,2857.0,Mouse,Software,179.32739445795934,25.33
2024-03-24,4969.0,SaaS License,Accessories,237.50544426229294,19.13
2024-09-23,4621.0,Laptop,Electronics,283.63499551556606,13.18
2024-04-24,1308.0,Mouse,Electronics,130.8723429783304,11.23
2024-12-04,3593.0,Headphones,Software,57.466631088693816,29.78
2024-10-03,4951.0,Keyboard,Electronics,265.2435081452984,5.74
2024-03-12,4720.0,Webcam,Apparel,,20.26
2024-03-02,2814.0,SaaS License,Apparel,161.6535483917845,18.0
2024-07-05,3014.0,SaaS License,Software,314.6107782926566,22.06
2024-05-17,1926.0,Headphones,Electronics,106.00448607049907,13.55
2024-07-28,4459.0,Headphones,Accessories,127.69922094821673,25.72
2024-05-20,1920.0,Keyboard,Electronics,172.6401074711255,18.91
2024-12-16,1500.0,Mouse,Software,167.76731704576463,8.57
2024-10-31,2566.0,Mouse,Accessories,240.56546064429085,7.06
2024-07-26,4888.0,Laptop,Electronics,177.40353091108508,5.12
2024-06-23,1491.0,Keyboard,Software,233.89050498689267,21.1
2024-06-06,3999.0,Webcam,Apparel,103.94641684693529,7.77
2024-02-11,2326.0,Mouse,Electronics,82.6319376715108,21.63
2024-08-27,1301.0,Headphones,Accessories,,19.88
2024-04-17,,SaaS License,Accessories,100.64913663038038,18.44
2024-08-10,4067.0,Monitor,Software,135.70498610721364,13.15
2024-11-23,4332.0,Mouse,Accessories,260.7806543958578,28.58
2024-02-25,1349.0,Shirt,Electronics,127.42617335816631,17.96
2024-12-18,1996.0,Keyboard,Apparel,,22.6
2024-08-09,,Shirt,Electronics,138.86767096843192,28.71
2024-02-04,4741.0,Laptop,Apparel,105.94030332313967,29.75
2024-06-28,1471.0,Webcam,Accessories,95.16451443580351,20.33
2024-05-12,4516.0,Mouse,Electronics,119.09459271943017,28.09
2024-02-07,3882.0,Shirt,Software,268.01479445904533,10.59
2024-02-11,1986.0,Webcam,Software,,21.09
2024-11-08,,Webcam,Accessories,92.1040973629866,25.93
2024-05-05,3652.0,Mouse,,268.7693406338439,11.99
2024-08-04,3703.0,Shirt,Software,168.90797415497525,15.55
2024-02-05,3652.0,Laptop,Software,123.7830595728152,8.51
2024-04-14,2040.0,Laptop,Apparel,92.84309116029988,13.23
2024-04-17,2208.0,Headphones,Electronics,241.70260464418175,28.88
2024-03-20,4643.0,SaaS License,Accessories,,21.81
2024-12-23,1031.0,Laptop,Software,156.63532787589702,27.44
2024-02-03,1529.0,SaaS License,Apparel,195.9577524453727,19.05
2024-05-16,4739.0,Headphones,Software,247.52616976835358,18.98
2024-08-03,1961.0,Webcam,Electronics,149.51594647965635,25.91
2024-05-15,3761.0,Webcam,Electronics,154.73448256344065,28.41
2024-05-15,2177.0,SaaS License,Apparel,,16.61
2024-10-10,4543.0,SaaS License,Apparel,101.60166402299564,13.5
2024-08-31,1581.0,Laptop,Electronics,194.38671399919315,26.73
2024-09-06,1127.0,Shirt,Electronics,,9.19
2024-08-24,,Monitor,Accessories,78.23771559189143,17.52
2024-01-13,3230.0,Webcam,Electronics,245.19104726621953,8.49
2024-02-13,2392.0,Keyboard,Software,54.448804944454366,27.13
2024-11-27,1428.0,Mouse,Accessories,108.17308437762252,24.56
2024-10-28,2656.0,Laptop,Software,156.5430045784779,10.55
2024-02-10,4752.0,Keyboard,Apparel,281.35748836372795,14.9
2024-01-23,1957.0,SaaS License,Software,,14.92
2024-10-24,2515.0,SaaS License,Accessories,15.141004486241172,14.01
2024-03-24,2180.0,Webcam,Accessories,127.2713163430182,19.0
2024-03-25,,Mouse,Accessories,77.60980574472718,23.78
2024-12-22,4473.0,Monitor,Accessories,130.2833657790846,29.76
2024-07-02,4725.0,SaaS License,Software,71.39378522579395,6.72
2024-10-09,4767.0,Headphones,Accessories,220.93902748375285,8.09
2024-04-28,2086.0,Laptop,Accessories,87.98076992837103,22.99
2024-05-22,3049.0,SaaS License,Software,129.87690530155473,18.45
2024-03-16,1868.0,Mouse,Electronics,,29.54
2024-07-08,1815.0,Shirt,Software,200.82607176568004,17.9
2024-07-21,3222.0,Mouse,Software,4020.0,5.63
2024-05-22,1328.0,Shirt,Software,131.5054540039721,29.42
2024-09-04,1470.0,SaaS License,Software,96.176458165155,9.15
2024-06-15,4805.0,SaaS License,Software,91.65194111232458,24.03
2024-01-05,2211.0,Mouse,Software,149.6246100801304,10.24
2024-04-04,2989.0,Keyboard,Software,139.00968761139745,17.62
2024-05-07,4201.0,Laptop,Accessories,184.3409534731836,6.63
2024-10-17,3107.0,Shirt,Apparel,213.69322346450048,16.22
2024-10-15,2450.0,Keyboard,Accessories,102.46405281695502,7.9
2024-06-16,1185.0,Keyboard,Software,0.0,8.84
2024-05-18,4462.0,Webcam,Software,194.2946939228404,20.67
2024-05-02,2131.0,Webcam,Software,156.85789334712211,12.79
2024-12-09,2343.0,SaaS License,Electronics,,6.71
2024-06-04,1295.0,SaaS License,Electronics,152.64815427369527,14.19
2024-03-23,1592.0,Headphones,Accessories,264.7569448686833,24.74
2024-09-18,3521.0,Monitor,Accessories,68.97493198952478,9.2
2024-11-17,4364.0,Headphones,Software,114.52070501037937,12.58
2024-03-12,3123.0,Shirt,Accessories,155.90955698627388,11.25
2024-12-27,4143.0,SaaS License,Apparel,170.54385771052208,18.82
2024-04-08,3486.0,Shirt,Electronics,24.55478426374698,8.2
2024-10-15,1516.0,SaaS License,Accessories,128.47614159276543,20.15
2024-02-11,3531.0,Monitor,Software,217.0831389263081,22.57
2024-04-22,4948.0,Keyboard,Accessories,4512.0,14.96
2024-01-28,4413.0,Monitor,Electronics,,23.51
2024-05-05,3641.0,Shirt,Accessories,82.47265769053621,21.25
2024-10-30,3351.0,Headphones,Accessories,194.81005348321042,11.92
2024-10-28,2115.0,SaaS License,Electronics,24.47093009094891,24.06
2024-12-19,1397.0,Headphones,Electronics,164.07258695563635,29.07
2024-08-30,3955.0,Mouse,Electronics,145.45008204615638,25.19
2024-11-28,1880.0,Laptop,Accessories,20.57596402958046,17.22
2024-10-25,4112.0,Monitor,Electronics,107.26011071955215,19.81
2024-08-05,3324.0,Webcam,Software,31.582744689053442,15.0
2024-08-26,4186.0,Headphones,Apparel,238.83858342727558,10.11
2024-01-23,4424.0,Webcam,Accessories,91.29169128003927,16.11
2024-08-13,4548.0,Headphones,Software,,29.44
2024-06-16,2858.0,Monitor,,201.10261569986255,29.26
2024-06-23,3449.0,Webcam,,201.5792827047254,25.8
2024-02-24,3318.0,Webcam,Electronics,214.60306638227917,25.86
2024-07-14,4303.0,Mouse,Accessories,195.6616598181954,12.2
2024-02-08,4491.0,Keyboard,Software,28.303488889870167,20.4
2024-04-18,3840.0,Keyboard,Accessories,190.64269420023737,13.43
2024-08-27,1648.0,Laptop,Software,225.9697158071717,26.19
2024-12-13,3282.0,Headphones,Software,124.02224954718241,12.3
2024-06-05,2396.0,Keyboard,Apparel,18.807608050436897,25.32
2024-12-25,4122.0,SaaS License,Electronics,269.0928672553517,28.52
2024-06-07,2672.0,Headphones,Software,324.867472655688,6.94
2024-04-27,1956.0,Laptop,Apparel,94.2808214936531,10.76
2024-03-21,2884.0,Headphones,Apparel,318.5376777816077,19.97
2024-03-21,2535.0,Shirt,Accessories,272.88013825085017,16.11
2024-04-21,3724.0,Laptop,Accessories,146.3798717718851,11.36
2024-09-24,1443.0,Headphones,Electronics,308.45338055894877,27.56
2024-05-05,2237.0,Monitor,Software,110.50949041915493,16.86
2024-09-18,4368.0,Keyboard,Apparel,169.30768382235397,6.83
2024-09-14,2201.0,Mouse,,45.18323188179373,8.36
2024-10-02,4863.0,Keyboard,Accessories,0.0,23.72
2024-11-25,2892.0,Mouse,Electronics,195.75188655889391,23.44
2024-02-05,3966.0,Shirt,Apparel,,14.84
2024-08-28,4057.0,Webcam,Software,105.88808214839872,16.41
2024-12-26,4097.0,Shirt,Electronics,194.82189276106425,12.02
2024-11-16,1312.0,SaaS License,Apparel,,21.48
2024-12-08,2882.0,Keyboard,Software,132.71867124299467,12.57
2024-05-02,3731.0,Headphones,Apparel,3694.0,22.09
2024-06-01,4551.0,Laptop,Apparel,235.57062217363233,16.21
2024-12-12,1555.0,Mouse,Electronics,104.5963157087864,22.91
2024-05-10,3764.0,Mouse,Software,57.01438713979735,26.39
2024-08-06,3700.0,Laptop,Apparel,204.7114552553478,5.8
2024-08-28,3412.0,Mouse,Software,269.63195516240614,29.53
2024-01-22,3725.0,SaaS License,Software,141.09021903652254,12.7
2024-01-14,2182.0,Monitor,Electronics,232.55163692127374,22.3
2024-03-10,3916.0,Headphones,Accessories,69.38439693583246,5.32
2024-02-28,1274.0,Monitor,Accessories,225.93219655899193,14.94
2024-05-19,4187.0,Headphones,Apparel,,22.14
2024-06-28,2627.0,Webcam,Software,247.0228491491494,10.99
2024-10-15,2280.0,Headphones,Software,273.0993777687291,22.03
2024-07-26,2540.0,Shirt,Apparel,171.49801980473626,9.7
2024-02-20,1085.0,Mouse,Apparel,128.94979113430264,17.5
2024-03-19,4038.0,Shirt,Accessories,123.31159219089125,13.04
2024-06-10,2888.0,Mouse,Accessories,185.52220267519516,10.01
2024-11-21,1871.0,Webcam,Accessories,131.28968886896257,25.36
2024-07-08,1373.0,Shirt,Apparel,72.23812460874487,6.63
2024-08-14,3762.0,Laptop,Software,131.29769671817803,9.73
2024-05-19,2961.0,Webcam,Accessories,190.08136571001793,17.63
2024-11-01,,Monitor,Accessories,22.951555864726615,9.2
2024-08-17,1125.0,Headphones,Apparel,,14.21
2024-08-01,2786.0,Keyboard,Software,168.20342408166582,6.55
2024-04-08,4125.0,Shirt,,277.82544936238645,14.07
2024-08-31,2158.0,Shirt,Software,352.5377416735088,19.66
2024-01-15,4238.0,Webcam,Electronics,217.38839626870697,23.06
2024-12-01,3628.0,Webcam,,272.18001333115046,22.41
2024-03-02,3760.0,Monitor,Electronics,48.559554781348155,12.35
2024-09-06,,Shirt,Apparel,248.59119845683796,15.02
2024-02-20,3185.0,Headphones,Software,126.23218170324125,24.74
2024-10-06,2876.0,Webcam,Apparel,56.58503679904443,7.0
2024-06-30,1822.0,Laptop,Software,,22.74
2024-07-25,1632.0,Shirt,Apparel,,29.94
2024-03-24,,Laptop,Electronics,221.48368406962828,19.65
2024-11-09,3342.0,Keyboard,Electronics,228.93098573551487,9.7
2024-03-20,,SaaS License,,314.381842438238,19.69
2024-03-17,4700.0,SaaS License,,,12.1
2024-01-14,3557.0,Laptop,Software,158.1910049657269,8.42
2024-04-30,2467.0,Mouse,Electronics,194.50371967348508,26.17
2024-08-31,2469.0,Webcam,,126.21520628373618,14.22
2024-04-22,1150.0,Webcam,Electronics,154.44269295613137,15.81
2024-04-28,1322.0,Webcam,Software,,10.27
2024-08-04,4986.0,Shirt,Apparel,174.28501430316226,20.63
2024-02-06,1178.0,Webcam,Apparel,324.54830005977925,28.81
2024-11-08,3513.0,Monitor,Electronics,175.45609522527064,29.69
2024-05-31,1454.0,Mouse,Accessories,184.29421638370275,11.02
2024-12-23,,Webcam,Software,134.77244906562726,6.94
2024-01-03,3445.0,SaaS License,Software,190.47666322120205,29.31
2024-12-03,2803.0,Headphones,Electronics,33.00221192230153,5.52
2024-03-19,4038.0,Shirt,Accessories,123.31159219089125,13.04
2024-12-12,4385.0,Laptop,Apparel,118.92553392308172,12.96
2024-11-26,4691.0,Headphones,Apparel,127.2928719049851,23.81
2024-05-20,3707.0,Monitor,Electronics,162.8048460967151,18.02
2024-03-29,3824.0,Monitor,Electronics,21.701599529218896,29.76
2024-11-22,1532.0,Shirt,Electronics,148.35265259942076,28.65
2024-02-08,3278.0,Laptop,Accessories,88.2475117357769,12.7
2024-05-07,4061.0,Headphones,Electronics,,8.25
2024-03-16,2504.0,Keyboard,Accessories,216.72322849213083,16.47
2024-01-31,2937.0,SaaS License,Apparel,86.3832407575579,10.13
2024-08-11,4470.0,Shirt,Electronics,109.72738917442948,23.37
2024-10-09,4132.0,Mouse,,,7.25
2024-03-21,4495.0,Keyboard,Accessories,227.7289567430787,23.94
2024-02-06,1907.0,Laptop,Software,150.37444948682617,9.48
2024-10-03,4149.0,Mouse,Accessories,144.21446950969263,11.38
2024-05-24,1466.0,Headphones,Accessories,93.67778278755446,16.16
2024-08-23,4524.0,Keyboard,Apparel,276.4144111355114,10.54
2024-09-03,3216.0,Laptop,Software,84.17103916209628,16.77
2024-11-21,4335.0,Shirt,Software,0.0,19.14
2024-10-01,4446.0,Mouse,Apparel,87.58607442486101,21.94
2024-05-12,4516.0,Mouse,Electronics,119.09459271943017,28.09
2024-07-07,1625.0,Headphones,Apparel,215.85386142026647,5.31
2024-03-19,2975.0,Laptop,Electronics,196.95681700465056,9.57
2024-04-12,2387.0,Monitor,Accessories,122.35689422645318,22.79
2024-09-15,4703.0,Keyboard,Software,189.1271014885965,28.82
2024-02-08,2482.0,Monitor,Accessories,0.0,29.92
2024-03-18,1713.0,Keyboard,Apparel,113.05634558017641,22.18
2024-04-14,3483.0,Webcam,Electronics,39.04272529736073,5.58
2024-02-24,4977.0,Headphones,,82.84580149572973,22.34
2024-04-11,1509.0,SaaS License,Apparel,247.9768189592727,5.05
2024-11-06,3375.0,Mouse,Accessories,169.70086653039422,26.47
2024-07-13,3585.0,Headphones,,142.8768609539473,21.13
2024-11-20,1942.0,Headphones,Electronics,146.52506415831772,26.67
2024-11-29,2849.0,Shirt,Electronics,257.6310055949001,22.41
2024-04-20,2769.0,Webcam,Accessories,,13.82
2024-10-28,3090.0,Headphones,Software,163.7284870265021,26.21
2024-09-21,2545.0,Mouse,Apparel,7.404134412869922,29.08
2024-10-21,3519.0,Webcam,Accessories,159.74475519987968,23.04
2024-11-06,2560.0,SaaS License,Electronics,65.15137480891168,16.55
2024-01-04,2682.0,SaaS License,,177.48888314374602,23.36
2024-10-23,3842.0,Keyboard,Electronics,180.9290649302808,26.58
2024-02-11,2000.0,Headphones,Electronics,118.53627887647257,16.63
2024-12-30,3593.0,Headphones,Electronics,140.76975519109237,22.48
2024-08-25,4352.0,Laptop,Apparel,172.79465157034946,5.18
2024-11-24,4961.0,Webcam,Electronics,201.8837575997479,26.76
2024-11-03,2682.0,Shirt,Accessories,157.89200107559972,23.72
2024-12-13,3917.0,Laptop,Accessories,223.96081582606448,26.35
2024-04-26,3668.0,Mouse,Apparel,143.82375846937893,9.9
2024-03-06,1475.0,Mouse,Electronics,4370.0,10.4
2024-12-17,3299.0,Keyboard,Accessories,166.38317115797958,17.12
2024-12-22,1907.0,Webcam,Accessories,304.5678398851255,23.12
2024-12-20,,SaaS License,Accessories,154.75555158468063,29.65
2024-07-13,1177.0,Laptop,Accessories,85.97536824554639,11.12
2024-06-10,2114.0,Keyboard,Apparel,41.383941140898216,8.58
2024-05-21,2265.0,Laptop,Software,206.48750072239818,21.63
2024-02-29,1033.0,Mouse,Accessories,199.78164879485163,25.26
2024-10-22,1164.0,Headphones,Accessories,39.33144419545701,17.35
2024-03-25,2816.0,Headphones,Accessories,86.32573277860217,28.04
2024-06-29,4722.0,Headphones,,228.27657003002903,12.13
2024-08-08,1408.0,Monitor,Apparel,360.18932593228965,21.94
2024-05-25,1134.0,Laptop,Accessories,175.39770904256886,19.05
2024-08-02,3038.0,SaaS License,Electronics,,24.65
2024-12-15,3744.0,Keyboard,Apparel,104.0689207626238,18.08
2024-02-26,4607.0,Monitor,Software,56.326889490116585,24.85
2024-09-16,2976.0,SaaS License,Accessories,127.33102559172406,13.2
2024-01-02,3041.0,Shirt,Accessories,163.95515283696366,5.27
2024-08-11,1102.0,Mouse,Software,56.59520450568691,7.87
2024-02-13,2626.0,SaaS License,Apparel,238.37058759442823,26.33
2024-12-28,2931.0,Headphones,Electronics,3876.0,5.27
2024-12-04,4114.0,Mouse,Apparel,195.53430943398092,11.71
2024-12-17,,Shirt,Apparel,170.6370441622139,7.23
2024-03-05,,Mouse,Software,127.7094741724504,28.22
2024-07-04,3360.0,SaaS License,Apparel,77.71667408508499,10.86
2024-10-04,2226.0,Mouse,Apparel,176.31442779236326,14.9
2024-02-07,3882.0,Shirt,Software,268.01479445904533,10.59
2024-04-19,1147.0,SaaS License,Accessories,194.83320502604158,21.59
2024-06-23,2178.0,Monitor,,69.72361489424279,9.27
2024-10-07,4230.0,Shirt,,0.0,14.36
2024-08-06,1604.0,Headphones,Electronics,214.74369630726994,6.5
2024-06-22,3856.0,Laptop,,165.90527684562886,6.05
2024-01-02,3803.0,Keyboard,Apparel,150.92279960870005,17.73
2024-02-02,3493.0,Mouse,Electronics,241.82730439305521,7.14
2024-05-26,4058.0,Keyboard,Electronics,197.29827690581914,14.35
2024-03-06,4683.0,Monitor,Software,277.57701771932943,8.82
2024-02-05,2687.0,Webcam,Electronics,262.18616993868557,15.65
2024-07-29,1673.0,Laptop,Electronics,156.24275555382673,25.19
2024-10-26,3063.0,Laptop,Apparel,151.87338990730024,6.95
2024-02-16,2179.0,Shirt,Apparel,82.59506133696608,6.36
2024-10-03,2297.0,Monitor,Apparel,30.761038235048744,24.89
2024-08-04,1329.0,Keyboard,Apparel,167.03885186745333,5.77
2024-05-30,3172.0,Webcam,Software,79.40801732067494,16.88
2024-03-19,,Laptop,Apparel,277.65401588379706,19.88
2024-02-25,4962.0,Keyboard,Electronics,170.3792662679317,23.43
2024-12-06,4634.0,Laptop,Accessories,164.97366135868543,25.29
2024-08-23,4294.0,Keyboard,Software,108.3928465969374,12.44
2024-07-18,2851.0,Webcam,Software,245.76100350849475,10.91
2024-10-01,3711.0,Headphones,Accessories,98.02587434309953,19.3
2024-01-17,2324.0,Keyboard,Accessories,171.89066786328328,14.04
2024-01-15,2746.0,Headphones,Electronics,104.5891638356333,25.49
2024-01-07,4143.0,Headphones,Apparel,,7.26
2024-06-14,4306.0,Mouse,Electronics,120.09760022522907,19.64
2024-10-18,3546.0,Headphones,Accessories,137.37679850990767,19.56
2024-06-06,1285.0,Webcam,Accessories,0.0,6.51
2024-12-08,2052.0,Shirt,Software,179.65056094984638,18.15
2024-07-13,3632.0,Webcam,Software,179.88611765954676,18.06
2024-12-22,2366.0,Keyboard,Electronics,,12.95
2024-09-24,1951.0,Laptop,Software,136.42264340032438,5.96
2024-08-11,3394.0,SaaS License,Accessories,,17.65
2024-06-19,3607.0,Laptop,Accessories,161.43009144209935,9.71
2024-07-27,4562.0,Headphones,Electronics,87.9042276779094,9.46
2024-08-26,4123.0,Mouse,,,12.33
2024-11-23,2741.0,Mouse,Software,51.97407661441298,14.88
2024-05-24,2270.0,SaaS License,Electronics,161.26992183239847,22.51
2024-10-01,2498.0,Keyboard,Accessories,162.5121139090598,27.91
2024-10-03,2571.0,Shirt,Apparel,89.29281419090685,9.84
2024-08-10,1918.0,Monitor,Electronics,0.0,23.98
2024-05-07,1840.0,Mouse,Software,121.42283190099603,19.63
2024-04-23,1881.0,Laptop,Electronics,170.01804693536644,15.33
2024-10-11,1403.0,SaaS License,Software,101.36878382869135,17.37
2024-11-13,2816.0,Headphones,Software,113.29144275150956,28.47
2024-02-25,2509.0,SaaS License,Electronics,89.21120994181945,7.63
2024-10-26,4261.0,Mouse,,109.07542631919075,14.35
2024-01-07,3459.0,Shirt,Apparel,230.84633170301095,14.37
2024-07-20,1607.0,Webcam,Software,127.33864260956179,16.34
2024-02-24,3318.0,Webcam,Electronics,214.60306638227917,25.86
2024-09-29,3079.0,Webcam,Apparel,63.65453391773539,12.72
2024-07-18,4772.0,SaaS License,Apparel,68.01490041989767,17.46
2024-07-23,4295.0,Mouse,Accessories,90.33193504929385,20.7
2024-10-04,2836.0,Headphones,Software,207.28024329112205,8.54
2024-03-14,1222.0,Mouse,Accessories,160.79137529705403,15.6
2024-11-05,4987.0,SaaS License,Accessories,204.51264942474654,24.47
2024-05-06,2318.0,Shirt,Accessories,263.3320311295344,9.06
2024-11-24,1464.0,Webcam,Electronics,138.46772343927043,12.37
2024-04-29,4191.0,Headphones,Apparel,120.70984004080255,14.8
2024-12-24,2533.0,Keyboard,Accessories,181.38178282518325,28.79
2024-12-05,4399.0,Headphones,Apparel,94.3325674410357,19.44
2024-01-29,2288.0,Mouse,Accessories,110.57348543814736,22.0
2024-06-10,3238.0,SaaS License,Accessories,0.0,5.21
2024-10-02,2505.0,Shirt,Electronics,45.44493362894195,26.71
2024-04-18,3070.0,Monitor,Electronics,132.69092785990404,14.33
2024-12-10,4503.0,SaaS License,Apparel,,9.34
2024-12-09,2672.0,Webcam,Apparel,235.47603737305633,11.49
2024-09-28,4181.0,Laptop,Apparel,138.02562371152624,16.11
2024-01-27,3258.0,Mouse,,3706.0,27.83
2024-02-27,1560.0,Monitor,,99.99704578522,9.67
2024-03-09,4134.0,Monitor,Electronics,142.8977208703679,10.81
2024-03-23,3776.0,Shirt,Software,25.208150851162983,27.37
2024-01-24,1903.0,Laptop,Electronics,,24.16
2024-05-22,3297.0,Keyboard,Electronics,235.4138233920122,7.52
2024-06-20,2821.0,Webcam,,126.45477723568197,8.02
2024-05-15,1768.0,Keyboard,Software,169.06413885222588,6.86
2024-08-20,3600.0,SaaS License,Accessories,4146.0,21.5
2024-05-22,1163.0,SaaS License,Electronics,103.25118618814034,21.79
2024-04-01,,Laptop,,61.21092578611551,6.6
2024-06-07,2485.0,SaaS License,Software,,15.05
2024-05-29,2640.0,Shirt,Accessories,220.36311747866375,13.33
2024-05-13,1057.0,Keyboard,Accessories,10.701794254186694,17.34
